Workbook

Sheet Results
A1: Experiment | B1: Algorithm | C1: Test Size | D1: PCA Components | E1: Accuracy | F1: Precision | G1: Recall | H1: F1 Score
A2: 1 | B2: Linear Regression | C2: 0.2 | D2: 2 | E2: 0.72822732 | F2: 0.84190541 | G2: 0.72822732 | H2: 0.74893986
A3: 2 | B3: Logistic Regression | C3: 0.2 | D3: 2 | E3: 0.79406484 | F3: 0.78854532 | G3: 0.79406484 | H3: 0.7897493
A4: 3 | B4: Ridge Regression | C4: 0.2 | D4: 2 | E4: 0.72822732 | F4: 0.84190541 | G4: 0.72822732 | H4: 0.74893986
A5: 4 | B5: Lasso Regression | C5: 0.2 | D5: 2 | E5: 0.72822732 | F5: 0.84190541 | G5: 0.72822732 | H5: 0.74893986
A6: 5 | B6: Elastic Net | C6: 0.2 | D6: 2 | E6: 0.72822732 | F6: 0.84190541 | G6: 0.72822732 | H6: 0.74893986
A7: 6 | B7: Linear Regression | C7: 0.2 | D7: 4 | E7: 0.84931779 | F7: 0.87295331 | G7: 0.84931779 | H7: 0.84994935
A8: 7 | B8: Logistic Regression | C8: 0.2 | D8: 4 | E8: 0.85349662 | F8: 0.82605617 | G8: 0.85349662 | H8: 0.83909407
A9: 8 | B9: Ridge Regression | C9: 0.2 | D9: 4 | E9: 0.84931779 | F9: 0.87295331 | G9: 0.84931779 | H9: 0.84994935
A10: 9 | B10: Lasso Regression | C10: 0.2 | D10: 4 | E10: 0.84931779 | F10: 0.87295331 | G10: 0.84931779 | H10: 0.84994935
A11: 10 | B11: Elastic Net | C11: 0.2 | D11: 4 | E11: 0.84931779 | F11: 0.87295331 | G11: 0.84931779 | H11: 0.84994935
A12: 11 | B12: Linear Regression | C12: 0.2 | D12: 6 | E12: 0.87328683 | F12: 0.8793442 | G12: 0.87328683 | H12: 0.86743894
A13: 12 | B13: Logistic Regression | C13: 0.2 | D13: 6 | E13: 0.87663295 | F13: 0.85746325 | G13: 0.87663295 | H13: 0.86284781
... A76: 75 | B76: Elastic Net | C76: 0.6 | D76: 9 | E76: 0.86797082 | F76: 0.87852498 | G76: 0.86797082 | H76: 0.86297292

Sheet Summary by Algorithm
A1: Algorithm | B1: Avg Accuracy | C1: Avg Precision | D1: Avg Recall | E1: Avg F1 Score | F1: Max Accuracy | G1: # Experiments
A2: Linear Regression | B2: =AVERAGEIF(Results!$B$2:$B$76,A2,Results!$E$2:$E$76) -> 0.84549826 | C2: =AVERAGEIF(Results!$B$2:$B$76,A2,Results!$F$2:$F$76) -> 0.87223375 | D2: =AVERAGEIF(Results!$B$2:$B$76,A2,Results!$G$2:$G$76) -> 0.84549826 | E2: =AVERAGEIF(Results!$B$2:$B$76,A2,Results!$H$2:$H$76) -> 0.84518703 | F2: =_xlfn.MAXIFS(Results!$E$2:$E$76,Results!$B$2:$B$76,A2) -> 0.87328683 | G2: =COUNTIF(Results!$B$2:$B$76,A2) -> 15
A3: Logistic Regression | B3: =AVERAGEIF(Results!$B$2:$B$76,A3,Results!$E$2:$E$76) -> 0.86120804 | C3: =AVERAGEIF(Results!$B$2:$B$76,A3,Results!$F$2:$F$76) -> 0.84298396 | D3: =AVERAGEIF(Results!$B$2:$B$76,A3,Results!$G$2:$G$76) -> 0.86120804 | E3: =AVERAGEIF(Results!$B$2:$B$76,A3,Results!$H$2:$H$76) -> 0.84862777 | F3: =_xlfn.MAXIFS(Results!$E$2:$E$76,Results!$B$2:$B$76,A3) -> 0.8780539 | G3: =COUNTIF(Results!$B$2:$B$76,A3) -> 15
A4: Ridge Regression | B4: =AVERAGEIF(Results!$B$2:$B$76,A4,Results!$E$2:$E$76) -> 0.84549826 | C4: =AVERAGEIF(Results!$B$2:$B$76,A4,Results!$F$2:$F$76) -> 0.87223375 | D4: =AVERAGEIF(Results!$B$2:$B$76,A4,Results!$G$2:$G$76) -> 0.84549826 | E4: =AVERAGEIF(Results!$B$2:$B$76,A4,Results!$H$2:$H$76) -> 0.84518703 | F4: =_xlfn.MAXIFS(Results!$E$2:$E$76,Results!$B$2:$B$76,A4) -> 0.87328683 | G4: =COUNTIF(Results!$B$2:$B$76,A4) -> 15
A5: Lasso Regression | B5: =AVERAGEIF(Results!$B$2:$B$76,A5,Results!$E$2:$E$76) -> 0.84549826 | C5: =AVERAGEIF(Results!$B$2:$B$76,A5,Results!$F$2:$F$76) -> 0.87223375 | D5: =AVERAGEIF(Results!$B$2:$B$76,A5,Results!$G$2:$G$76) -> 0.84549826 | E5: =AVERAGEIF(Results!$B$2:$B$76,A5,Results!$H$2:$H$76) -> 0.84518703 | F5: =_xlfn.MAXIFS(Results!$E$2:$E$76,Results!$B$2:$B$76,A5) -> 0.87328683 | G5: =COUNTIF(Results!$B$2:$B$76,A5) -> 15
A6: Elastic Net | B6: =AVERAGEIF(Results!$B$2:$B$76,A6,Results!$E$2:$E$76) -> 0.84549826 | C6: =AVERAGEIF(Results!$B$2:$B$76,A6,Results!$F$2:$F$76) -> 0.87223375 | D6: =AVERAGEIF(Results!$B$2:$B$76,A6,Results!$G$2:$G$76) -> 0.84549826 | E6: =AVERAGEIF(Results!$B$2:$B$76,A6,Results!$H$2:$H$76) -> 0.84518703 | F6: =_xlfn.MAXIFS(Results!$E$2:$E$76,Results!$B$2:$B$76,A6) -> 0.87328683 | G6: =COUNTIF(Results!$B$2:$B$76,A6) -> 15
A8: Best Overall (by Avg Accuracy) | B8: =INDEX(A2:A6,MATCH(MAX(B2:B6),B2:B6,0)) -> Logistic Regression

Sheet Summary by PCA Components
A1: PCA Components | B1: Avg Accuracy | C1: Avg Precision | D1: Avg Recall | E1: Avg F1 Score
A2: 2 | B2: =AVERAGEIF(Results!$D$2:$D$76,A2,Results!$E$2:$E$76) -> 0.77929552 | C2: =AVERAGEIF(Results!$D$2:$D$76,A2,Results!$F$2:$F$76) -> 0.84327201 | D2: =AVERAGEIF(Results!$D$2:$D$76,A2,Results!$G$2:$G$76) -> 0.77929552 | E2: =AVERAGEIF(Results!$D$2:$D$76,A2,Results!$H$2:$H$76) -> 0.78868325
A3: 4 | B3: =AVERAGEIF(Results!$D$2:$D$76,A3,Results!$E$2:$E$76) -> 0.85017666 | C3: =AVERAGEIF(Results!$D$2:$D$76,A3,Results!$F$2:$F$76) -> 0.86339152 | D3: =AVERAGEIF(Results!$D$2:$D$76,A3,Results!$G$2:$G$76) -> 0.85017666 | E3: =AVERAGEIF(Results!$D$2:$D$76,A3,Results!$H$2:$H$76) -> 0.84763662
A4: 6 | B4: =AVERAGEIF(Results!$D$2:$D$76,A4,Results!$E$2:$E$76) -> 0.87383899 | C4: =AVERAGEIF(Results!$D$2:$D$76,A4,Results!$F$2:$F$76) -> 0.87467606 | D4: =AVERAGEIF(Results!$D$2:$D$76,A4,Results!$G$2:$G$76) -> 0.87383899 | E4: =AVERAGEIF(Results!$D$2:$D$76,A4,Results!$H$2:$H$76) -> 0.86626804
A5: 8 | B5: =AVERAGEIF(Results!$D$2:$D$76,A5,Results!$E$2:$E$76) -> 0.86989788 | C5: =AVERAGEIF(Results!$D$2:$D$76,A5,Results!$F$2:$F$76) -> 0.87521966 | D5: =AVERAGEIF(Results!$D$2:$D$76,A5,Results!$G$2:$G$76) -> 0.86989788 | E5: =AVERAGEIF(Results!$D$2:$D$76,A5,Results!$H$2:$H$76) -> 0.86334963
A6: 9 | B6: =AVERAGEIF(Results!$D$2:$D$76,A6,Results!$E$2:$E$76) -> 0.86999202 | C6: =AVERAGEIF(Results!$D$2:$D$76,A6,Results!$F$2:$F$76) -> 0.8753597 | D6: =AVERAGEIF(Results!$D$2:$D$76,A6,Results!$G$2:$G$76) -> 0.86999202 | E6: =AVERAGEIF(Results!$D$2:$D$76,A6,Results!$H$2:$H$76) -> 0.86343833
